archivo,var1,var2,pearson,spearman
DB_final_v3_u1,Numero_horas_con_deambulacion,Numero_horas_estacionarias,-0.14042636110037324,-0.17132471925839204
DB_final_v3_u1,Numero_horas_con_deambulacion,Total_hrs_monitorizadas,0.875793034996676,0.8201336399514799
DB_final_v3_u1,Numero_horas_con_deambulacion,Hrs_sin_registro,-0.875793034996676,-0.8201336399514799
DB_final_v3_u1,Numero_horas_con_deambulacion,min_totales_en_movimiento,0.6146518278858498,0.6690044981363251
DB_final_v3_u1,Numero_horas_con_deambulacion,Total_min_de_ejercicio_diario,0.3420439152850753,0.3885300067904448
DB_final_v3_u1,Numero_horas_con_deambulacion,distancia_caminada_en_km,0.6665057351405078,0.7040035196283794
DB_final_v3_u1,Numero_horas_con_deambulacion,Numero_pasos_por_dia,0.6638496456833772,0.7013590683188278
DB_final_v3_u1,Numero_horas_con_deambulacion,FCr_promedio_diario,-0.16455066665261936,-0.1750400566328206
DB_final_v3_u1,Numero_horas_con_deambulacion,Gasto_calorico_activo,0.5987525172670741,0.6431694045450264
DB_final_v3_u1,Numero_horas_con_deambulacion,HRV_SDNN,0.0334041004685668,0.06053991974701992
DB_final_v3_u1,Numero_horas_con_deambulacion,FC_al_caminar_promedio_diario,-0.04188099988155576,-0.056373435595451396
DB_final_v3_u1,Numero_horas_estacionarias,Total_hrs_monitorizadas,0.35033869050310473,0.3187348251221609
DB_final_v3_u1,Numero_horas_estacionarias,Hrs_sin_registro,-0.35033869050310473,-0.3187348251221609
DB_final_v3_u1,Numero_horas_estacionarias,min_totales_en_movimiento,-0.10220675107583273,-0.1203594839053045
DB_final_v3_u1,Numero_horas_estacionarias,Total_min_de_ejercicio_diario,0.002405029470093672,0.002268869163057411
DB_final_v3_u1,Numero_horas_estacionarias,distancia_caminada_en_km,-0.05629623487498639,-0.07993497698362799
DB_final_v3_u1,Numero_horas_estacionarias,Numero_pasos_por_dia,-0.0484182020076614,-0.0771782783845786
DB_final_v3_u1,Numero_horas_estacionarias,FCr_promedio_diario,-0.1726580599869374,-0.1896227732028713
DB_final_v3_u1,Numero_horas_estacionarias,Gasto_calorico_activo,0.0958971264923141,0.07200981310687264
DB_final_v3_u1,Numero_horas_estacionarias,HRV_SDNN,0.05309833997033853,0.021163855425277128
DB_final_v3_u1,Numero_horas_estacionarias,FC_al_caminar_promedio_diario,-0.046966316501453664,-0.04904207631494724
DB_final_v3_u1,Total_hrs_monitorizadas,Hrs_sin_registro,-1.0,-1.0
DB_final_v3_u1,Total_hrs_monitorizadas,min_totales_en_movimiento,0.5195899715254277,0.5663663108914947
DB_final_v3_u1,Total_hrs_monitorizadas,Total_min_de_ejercicio_diario,0.31368139096722436,0.39254772109511665
DB_final_v3_u1,Total_hrs_monitorizadas,distancia_caminada_en_km,0.5900358241515843,0.6020805268215368
DB_final_v3_u1,Total_hrs_monitorizadas,Numero_pasos_por_dia,0.5917144046995363,0.6036097091355709
DB_final_v3_u1,Total_hrs_monitorizadas,FCr_promedio_diario,-0.2106967403741075,-0.25163581208632163
DB_final_v3_u1,Total_hrs_monitorizadas,Gasto_calorico_activo,0.5859625303727187,0.6234264417644688
DB_final_v3_u1,Total_hrs_monitorizadas,HRV_SDNN,0.05725097220849425,0.08837138457064406
DB_final_v3_u1,Total_hrs_monitorizadas,FC_al_caminar_promedio_diario,-0.054718940774945844,-0.08457784755037376
DB_final_v3_u1,Hrs_sin_registro,min_totales_en_movimiento,-0.5195899715254277,-0.5663663108914947
DB_final_v3_u1,Hrs_sin_registro,Total_min_de_ejercicio_diario,-0.31368139096722436,-0.39254772109511665
DB_final_v3_u1,Hrs_sin_registro,distancia_caminada_en_km,-0.5900358241515843,-0.6020805268215368
DB_final_v3_u1,Hrs_sin_registro,Numero_pasos_por_dia,-0.5917144046995363,-0.6036097091355709
DB_final_v3_u1,Hrs_sin_registro,FCr_promedio_diario,0.2106967403741075,0.25163581208632163
DB_final_v3_u1,Hrs_sin_registro,Gasto_calorico_activo,-0.5859625303727187,-0.6234264417644688
DB_final_v3_u1,Hrs_sin_registro,HRV_SDNN,-0.05725097220849425,-0.08837138457064406
DB_final_v3_u1,Hrs_sin_registro,FC_al_caminar_promedio_diario,0.054718940774945844,0.08457784755037376
DB_final_v3_u1,min_totales_en_movimiento,Total_min_de_ejercicio_diario,0.7019167080278456,0.5892356258980961
DB_final_v3_u1,min_totales_en_movimiento,distancia_caminada_en_km,0.7109192057491814,0.8057165868427194
DB_final_v3_u1,min_totales_en_movimiento,Numero_pasos_por_dia,0.7710209596505936,0.820359939893965
DB_final_v3_u1,min_totales_en_movimiento,FCr_promedio_diario,-0.1862017581032849,-0.20293676147536024
DB_final_v3_u1,min_totales_en_movimiento,Gasto_calorico_activo,0.5226419729364988,0.6252639900416814
DB_final_v3_u1,min_totales_en_movimiento,HRV_SDNN,0.015397355782539332,0.01871252388578562
DB_final_v3_u1,min_totales_en_movimiento,FC_al_caminar_promedio_diario,-0.03570820999889908,-0.06429329773134876
DB_final_v3_u1,Total_min_de_ejercicio_diario,distancia_caminada_en_km,0.33901130921772515,0.4640036388575727
DB_final_v3_u1,Total_min_de_ejercicio_diario,Numero_pasos_por_dia,0.41118860868962076,0.46986725955696107
DB_final_v3_u1,Total_min_de_ejercicio_diario,FCr_promedio_diario,-0.13951762774837229,-0.14249882850029233
DB_final_v3_u1,Total_min_de_ejercicio_diario,Gasto_calorico_activo,0.2772138234666314,0.4086144949184278
DB_final_v3_u1,Total_min_de_ejercicio_diario,HRV_SDNN,0.04371943469547394,0.03128647261848741
DB_final_v3_u1,Total_min_de_ejercicio_diario,FC_al_caminar_promedio_diario,0.0015817803100118353,-0.02631152261254449
DB_final_v3_u1,distancia_caminada_en_km,Numero_pasos_por_dia,0.8866055944614376,0.9811560886382983
DB_final_v3_u1,distancia_caminada_en_km,FCr_promedio_diario,-0.17774516254651349,-0.14982876389103864
DB_final_v3_u1,distancia_caminada_en_km,Gasto_calorico_activo,0.6924013593039727,0.7326839313001737
DB_final_v3_u1,distancia_caminada_en_km,HRV_SDNN,-0.024103924974256227,-0.005651874928128912
DB_final_v3_u1,distancia_caminada_en_km,FC_al_caminar_promedio_diario,-0.03385374588388143,-0.061208803637352066
DB_final_v3_u1,Numero_pasos_por_dia,FCr_promedio_diario,-0.18324784074378836,-0.15841852962398556
DB_final_v3_u1,Numero_pasos_por_dia,Gasto_calorico_activo,0.6128645525953085,0.7200262039568661
DB_final_v3_u1,Numero_pasos_por_dia,HRV_SDNN,-0.02481354896560043,0.0017381614620345573
DB_final_v3_u1,Numero_pasos_por_dia,FC_al_caminar_promedio_diario,-0.040087464729731535,-0.07549833524609752
DB_final_v3_u1,FCr_promedio_diario,Gasto_calorico_activo,-0.2210439832243901,-0.20886878174415832
DB_final_v3_u1,FCr_promedio_diario,HRV_SDNN,-0.21806899200956545,-0.34978766471576533
DB_final_v3_u1,FCr_promedio_diario,FC_al_caminar_promedio_diario,0.30490569749699853,0.3837859941964113
DB_final_v3_u1,Gasto_calorico_activo,HRV_SDNN,-0.007153101895851516,0.0028310984785015936
DB_final_v3_u1,Gasto_calorico_activo,FC_al_caminar_promedio_diario,-0.06540234259159837,-0.06247031297035933
DB_final_v3_u1,HRV_SDNN,FC_al_caminar_promedio_diario,-0.20904289317771,-0.22031652257129852
DB_final_v3_u10,Numero_horas_con_deambulacion,Numero_horas_estacionarias,0.08861962541431093,0.0684228401240042
DB_final_v3_u10,Numero_horas_con_deambulacion,Total_hrs_monitorizadas,0.8840592910534089,0.8519685580401766
DB_final_v3_u10,Numero_horas_con_deambulacion,Hrs_sin_registro,-0.8840592910534089,-0.8519685580401766
DB_final_v3_u10,Numero_horas_con_deambulacion,min_totales_en_movimiento,0.5167207153883189,0.5798240664939799
DB_final_v3_u10,Numero_horas_con_deambulacion,Total_min_de_ejercicio_diario,0.23716224283445353,0.33901295399923104
DB_final_v3_u10,Numero_horas_con_deambulacion,distancia_caminada_en_km,0.6092814843926428,0.6281253592244839
DB_final_v3_u10,Numero_horas_con_deambulacion,Numero_pasos_por_dia,0.6303757971758911,0.6497813532205974
DB_final_v3_u10,Numero_horas_con_deambulacion,FCr_promedio_diario,-0.2995074754814929,-0.34315864783083205
DB_final_v3_u10,Numero_horas_con_deambulacion,Gasto_calorico_activo,0.415159018881765,0.5478436996411347
DB_final_v3_u10,Numero_horas_con_deambulacion,HRV_SDNN,0.05822773521872725,0.06384457423920775
DB_final_v3_u10,Numero_horas_con_deambulacion,FC_al_caminar_promedio_diario,-0.03830064665418006,-0.047290792623508125
DB_final_v3_u10,Numero_horas_estacionarias,Total_hrs_monitorizadas,0.539940997502244,0.49107065920620196
DB_final_v3_u10,Numero_horas_estacionarias,Hrs_sin_registro,-0.539940997502244,-0.49107065920620196
DB_final_v3_u10,Numero_horas_estacionarias,min_totales_en_movimiento,0.022618391824091543,0.07005347739151838
DB_final_v3_u10,Numero_horas_estacionarias,Total_min_de_ejercicio_diario,0.06489821562957411,0.10005864964919996
DB_final_v3_u10,Numero_horas_estacionarias,distancia_caminada_en_km,0.016758066388852993,0.07896895079727459
DB_final_v3_u10,Numero_horas_estacionarias,Numero_pasos_por_dia,0.008980447191194436,0.08222755544450792
DB_final_v3_u10,Numero_horas_estacionarias,FCr_promedio_diario,-0.10368985541264306,-0.15094080552453001
DB_final_v3_u10,Numero_horas_estacionarias,Gasto_calorico_activo,0.12648519702574595,0.18599575753487135
DB_final_v3_u10,Numero_horas_estacionarias,HRV_SDNN,0.09683261291952426,0.0895791304708021
DB_final_v3_u10,Numero_horas_estacionarias,FC_al_caminar_promedio_diario,-0.03342081137461441,0.0033793077402806083
DB_final_v3_u10,Total_hrs_monitorizadas,Hrs_sin_registro,-1.0,-1.0
DB_final_v3_u10,Total_hrs_monitorizadas,min_totales_en_movimiento,0.4417663461134248,0.5206240472928104
DB_final_v3_u10,Total_hrs_monitorizadas,Total_min_de_ejercicio_diario,0.2212969250607929,0.32678377114878515
DB_final_v3_u10,Total_hrs_monitorizadas,distancia_caminada_en_km,0.5163115125655787,0.5633633626483684
DB_final_v3_u10,Total_hrs_monitorizadas,Numero_pasos_por_dia,0.531142318524238,0.5845217065174994
DB_final_v3_u10,Total_hrs_monitorizadas,FCr_promedio_diario,-0.27352527898213824,-0.30588608409050494
DB_final_v3_u10,Total_hrs_monitorizadas,Gasto_calorico_activo,0.40507540798491515,0.5464990984595554
DB_final_v3_u10,Total_hrs_monitorizadas,HRV_SDNN,0.09370467581277646,0.11092720389121781
DB_final_v3_u10,Total_hrs_monitorizadas,FC_al_caminar_promedio_diario,-0.04731613079493519,-0.050482826686646734
DB_final_v3_u10,Hrs_sin_registro,min_totales_en_movimiento,-0.4417663461134248,-0.5206240472928104
DB_final_v3_u10,Hrs_sin_registro,Total_min_de_ejercicio_diario,-0.2212969250607929,-0.32678377114878515
DB_final_v3_u10,Hrs_sin_registro,distancia_caminada_en_km,-0.5163115125655787,-0.5633633626483684
DB_final_v3_u10,Hrs_sin_registro,Numero_pasos_por_dia,-0.531142318524238,-0.5845217065174994
DB_final_v3_u10,Hrs_sin_registro,FCr_promedio_diario,0.27352527898213824,0.30588608409050494
DB_final_v3_u10,Hrs_sin_registro,Gasto_calorico_activo,-0.40507540798491515,-0.5464990984595554
DB_final_v3_u10,Hrs_sin_registro,HRV_SDNN,-0.09370467581277646,-0.11092720389121781
DB_final_v3_u10,Hrs_sin_registro,FC_al_caminar_promedio_diario,0.04731613079493519,0.050482826686646734
DB_final_v3_u10,min_totales_en_movimiento,Total_min_de_ejercicio_diario,0.7588268717386699,0.7532212540917098
DB_final_v3_u10,min_totales_en_movimiento,distancia_caminada_en_km,0.7309077973064224,0.8623630941112428
DB_final_v3_u10,min_totales_en_movimiento,Numero_pasos_por_dia,0.763791774888172,0.8790118874798096
DB_final_v3_u10,min_totales_en_movimiento,FCr_promedio_diario,-0.15920821191874474,-0.21644313031806472
DB_final_v3_u10,min_totales_en_movimiento,Gasto_calorico_activo,0.3185190582828874,0.4722594692625315
DB_final_v3_u10,min_totales_en_movimiento,HRV_SDNN,0.05136897951932453,0.026019961751875993
DB_final_v3_u10,min_totales_en_movimiento,FC_al_caminar_promedio_diario,-0.05376895351267203,-0.07025142198969431
DB_final_v3_u10,Total_min_de_ejercicio_diario,distancia_caminada_en_km,0.4388559204245119,0.599302822546465
DB_final_v3_u10,Total_min_de_ejercicio_diario,Numero_pasos_por_dia,0.44844443452310917,0.60195107728309
DB_final_v3_u10,Total_min_de_ejercicio_diario,FCr_promedio_diario,-0.11426328970129684,-0.12318405446060028
DB_final_v3_u10,Total_min_de_ejercicio_diario,Gasto_calorico_activo,0.13678527455832376,0.29776628751105844
DB_final_v3_u10,Total_min_de_ejercicio_diario,HRV_SDNN,0.10599538212485704,0.09988041306308136
DB_final_v3_u10,Total_min_de_ejercicio_diario,FC_al_caminar_promedio_diario,-0.04070042145914075,-0.029622588311434744
DB_final_v3_u10,distancia_caminada_en_km,Numero_pasos_por_dia,0.9141642278349487,0.9514710937710861
DB_final_v3_u10,distancia_caminada_en_km,FCr_promedio_diario,-0.21231911893141883,-0.24142550067491547
DB_final_v3_u10,distancia_caminada_en_km,Gasto_calorico_activo,0.4623209863325759,0.5660215911069482
DB_final_v3_u10,distancia_caminada_en_km,HRV_SDNN,-0.014795099387499313,-0.01420886121923441
DB_final_v3_u10,distancia_caminada_en_km,FC_al_caminar_promedio_diario,-0.03508336584380813,-0.07630030103669719
DB_final_v3_u10,Numero_pasos_por_dia,FCr_promedio_diario,-0.1977827633377837,-0.23702768719447423
DB_final_v3_u10,Numero_pasos_por_dia,Gasto_calorico_activo,0.44260512537497937,0.5626914775317662
DB_final_v3_u10,Numero_pasos_por_dia,HRV_SDNN,-0.036255870588255475,-0.025948397411517225
DB_final_v3_u10,Numero_pasos_por_dia,FC_al_caminar_promedio_diario,-0.03843464447545504,-0.0887584266325493
DB_final_v3_u10,FCr_promedio_diario,Gasto_calorico_activo,-0.1185406926162135,-0.18675762844569072
DB_final_v3_u10,FCr_promedio_diario,HRV_SDNN,-0.08585780526178116,-0.13275501885975025
DB_final_v3_u10,FCr_promedio_diario,FC_al_caminar_promedio_diario,0.03235206383979062,0.06438514913089803
DB_final_v3_u10,Gasto_calorico_activo,HRV_SDNN,0.0012441358086211745,0.0030215173794323744
DB_final_v3_u10,Gasto_calorico_activo,FC_al_caminar_promedio_diario,-0.006177481299395029,-0.039100508399681384
DB_final_v3_u10,HRV_SDNN,FC_al_caminar_promedio_diario,-0.22052381742226612,-0.19491814608080055
DB_final_v3_u2,Numero_horas_con_deambulacion,Numero_horas_estacionarias,-0.3055344147559636,-0.37125759829873944
DB_final_v3_u2,Numero_horas_con_deambulacion,Total_hrs_monitorizadas,0.8972126383663512,0.8139788046547682
DB_final_v3_u2,Numero_horas_con_deambulacion,Hrs_sin_registro,-0.8972126383663512,-0.8139788046547682
DB_final_v3_u2,Numero_horas_con_deambulacion,min_totales_en_movimiento,0.7684548839844471,0.6754974005062571
DB_final_v3_u2,Numero_horas_con_deambulacion,Total_min_de_ejercicio_diario,0.27682012628130936,0.34245645767963967
DB_final_v3_u2,Numero_horas_con_deambulacion,distancia_caminada_en_km,0.704179639229304,0.6349661013854964
DB_final_v3_u2,Numero_horas_con_deambulacion,Numero_pasos_por_dia,0.7259525472757017,0.6538076809926261
DB_final_v3_u2,Numero_horas_con_deambulacion,FCr_promedio_diario,-0.10585285185750591,-0.1827411951612681
DB_final_v3_u2,Numero_horas_con_deambulacion,Gasto_calorico_activo,0.6755247935152722,0.654380803930798
DB_final_v3_u2,Numero_horas_con_deambulacion,HRV_SDNN,0.29635214778631086,0.3770325672095403
DB_final_v3_u2,Numero_horas_con_deambulacion,FC_al_caminar_promedio_diario,0.06586882511074894,0.01143451856760685
DB_final_v3_u2,Numero_horas_estacionarias,Total_hrs_monitorizadas,0.14089426212721598,0.11018247997174764
DB_final_v3_u2,Numero_horas_estacionarias,Hrs_sin_registro,-0.14089426212721598,-0.11018247997174764
DB_final_v3_u2,Numero_horas_estacionarias,min_totales_en_movimiento,-0.2875874025320221,-0.2254391669272402
DB_final_v3_u2,Numero_horas_estacionarias,Total_min_de_ejercicio_diario,-0.10192515410336922,-0.12447792891107573
DB_final_v3_u2,Numero_horas_estacionarias,distancia_caminada_en_km,-0.2750286506948344,-0.22019696628406088
DB_final_v3_u2,Numero_horas_estacionarias,Numero_pasos_por_dia,-0.2881941645071039,-0.21474379674526733
DB_final_v3_u2,Numero_horas_estacionarias,FCr_promedio_diario,0.018699185102259902,0.07759320555431366
DB_final_v3_u2,Numero_horas_estacionarias,Gasto_calorico_activo,-0.14425653567716923,-0.19480303810186164
DB_final_v3_u2,Numero_horas_estacionarias,HRV_SDNN,-0.03035703399706799,-0.02918315350318059
DB_final_v3_u2,Numero_horas_estacionarias,FC_al_caminar_promedio_diario,-0.0033087191501968744,-0.018989077997453644
DB_final_v3_u2,Total_hrs_monitorizadas,Hrs_sin_registro,-1.0,-1.0
DB_final_v3_u2,Total_hrs_monitorizadas,min_totales_en_movimiento,0.6659909583911577,0.46703977478305525
DB_final_v3_u2,Total_hrs_monitorizadas,Total_min_de_ejercicio_diario,0.22844817785584923,0.15988650567566173
DB_final_v3_u2,Total_hrs_monitorizadas,distancia_caminada_en_km,0.604028542804807,0.4094884590307009
DB_final_v3_u2,Total_hrs_monitorizadas,Numero_pasos_por_dia,0.6194335281827769,0.4365310749037019
DB_final_v3_u2,Total_hrs_monitorizadas,FCr_promedio_diario,-0.09991807357252062,-0.24901027406436374
DB_final_v3_u2,Total_hrs_monitorizadas,Gasto_calorico_activo,0.5968471462853714,0.4645408787227227
DB_final_v3_u2,Total_hrs_monitorizadas,HRV_SDNN,0.293543912155717,0.40446749247474156
DB_final_v3_u2,Total_hrs_monitorizadas,FC_al_caminar_promedio_diario,0.07573074462491175,0.0025537314120350593
DB_final_v3_u2,Hrs_sin_registro,min_totales_en_movimiento,-0.6659909583911577,-0.46703977478305525
DB_final_v3_u2,Hrs_sin_registro,Total_min_de_ejercicio_diario,-0.22844817785584923,-0.15988650567566173
DB_final_v3_u2,Hrs_sin_registro,distancia_caminada_en_km,-0.604028542804807,-0.4094884590307009
DB_final_v3_u2,Hrs_sin_registro,Numero_pasos_por_dia,-0.6194335281827769,-0.4365310749037019
DB_final_v3_u2,Hrs_sin_registro,FCr_promedio_diario,0.09991807357252062,0.24901027406436374
DB_final_v3_u2,Hrs_sin_registro,Gasto_calorico_activo,-0.5968471462853714,-0.4645408787227227
DB_final_v3_u2,Hrs_sin_registro,HRV_SDNN,-0.293543912155717,-0.40446749247474156
DB_final_v3_u2,Hrs_sin_registro,FC_al_caminar_promedio_diario,-0.07573074462491175,-0.0025537314120350593
DB_final_v3_u2,min_totales_en_movimiento,Total_min_de_ejercicio_diario,0.692156018034207,0.7134443628978212
DB_final_v3_u2,min_totales_en_movimiento,distancia_caminada_en_km,0.9580284723217061,0.9455161338125027
DB_final_v3_u2,min_totales_en_movimiento,Numero_pasos_por_dia,0.9655288622990965,0.9594974440561287
DB_final_v3_u2,min_totales_en_movimiento,FCr_promedio_diario,-0.0023445233987849146,-0.04541000249119017
DB_final_v3_u2,min_totales_en_movimiento,Gasto_calorico_activo,0.803590104993107,0.8562096629831744
DB_final_v3_u2,min_totales_en_movimiento,HRV_SDNN,0.14092169041740682,0.16094549588813895
DB_final_v3_u2,min_totales_en_movimiento,FC_al_caminar_promedio_diario,0.07465057758307758,0.11084389870195276
DB_final_v3_u2,Total_min_de_ejercicio_diario,distancia_caminada_en_km,0.7982874840424351,0.7683433231905116
DB_final_v3_u2,Total_min_de_ejercicio_diario,Numero_pasos_por_dia,0.7753597811785874,0.7388120054791517
DB_final_v3_u2,Total_min_de_ejercicio_diario,FCr_promedio_diario,0.10194213129134268,0.17564886502769267
DB_final_v3_u2,Total_min_de_ejercicio_diario,Gasto_calorico_activo,0.7097302934700892,0.7325758808517862
DB_final_v3_u2,Total_min_de_ejercicio_diario,HRV_SDNN,-0.03857697511249723,-0.007406521914533186
DB_final_v3_u2,Total_min_de_ejercicio_diario,FC_al_caminar_promedio_diario,0.0822714163670428,0.1344444824757765
DB_final_v3_u2,distancia_caminada_en_km,Numero_pasos_por_dia,0.9958270348484234,0.9921450876771559
DB_final_v3_u2,distancia_caminada_en_km,FCr_promedio_diario,0.0575128345977855,0.044079753273839374
DB_final_v3_u2,distancia_caminada_en_km,Gasto_calorico_activo,0.8181737232828817,0.885062465484033
DB_final_v3_u2,distancia_caminada_en_km,HRV_SDNN,0.07563036238188177,0.11817832450224065
DB_final_v3_u2,distancia_caminada_en_km,FC_al_caminar_promedio_diario,0.05019569554220089,0.07506143719283016
DB_final_v3_u2,Numero_pasos_por_dia,FCr_promedio_diario,0.03823394506936122,0.014596743694949546
DB_final_v3_u2,Numero_pasos_por_dia,Gasto_calorico_activo,0.829511149813718,0.885590803635676
DB_final_v3_u2,Numero_pasos_por_dia,HRV_SDNN,0.0776617767101882,0.12528823996009902
DB_final_v3_u2,Numero_pasos_por_dia,FC_al_caminar_promedio_diario,0.054706496686609124,0.07792435739345413
DB_final_v3_u2,FCr_promedio_diario,Gasto_calorico_activo,-0.000639333503362548,-0.03975149967181375
DB_final_v3_u2,FCr_promedio_diario,HRV_SDNN,-0.428700700029177,-0.3355642230071554
DB_final_v3_u2,FCr_promedio_diario,FC_al_caminar_promedio_diario,0.25499149850406255,0.28288825609367857
DB_final_v3_u2,Gasto_calorico_activo,HRV_SDNN,0.11749135261369678,0.13673695079670006
DB_final_v3_u2,Gasto_calorico_activo,FC_al_caminar_promedio_diario,0.0029705516855033816,-0.06118924450739164
DB_final_v3_u2,HRV_SDNN,FC_al_caminar_promedio_diario,-0.21828303649314618,-0.25685655933130647
DB_final_v3_u3,Numero_horas_con_deambulacion,Numero_horas_estacionarias,-0.4580842107587057,-0.5928643480874562
DB_final_v3_u3,Numero_horas_con_deambulacion,Total_hrs_monitorizadas,0.26302428390741295,0.1282555920680412
DB_final_v3_u3,Numero_horas_con_deambulacion,Hrs_sin_registro,-0.2630242839074128,-0.1282555920680412
DB_final_v3_u3,Numero_horas_con_deambulacion,min_totales_en_movimiento,0.6272220542909838,0.647916749706962
DB_final_v3_u3,Numero_horas_con_deambulacion,Total_min_de_ejercicio_diario,0.3472814029942699,0.443001782557295
DB_final_v3_u3,Numero_horas_con_deambulacion,distancia_caminada_en_km,0.6207307668431619,0.6204920380005967
DB_final_v3_u3,Numero_horas_con_deambulacion,Numero_pasos_por_dia,0.6284171531544726,0.6220790037796211
DB_final_v3_u3,Numero_horas_con_deambulacion,FCr_promedio_diario,-0.21891100889534051,-0.19451406659770162
DB_final_v3_u3,Numero_horas_con_deambulacion,Gasto_calorico_activo,0.37018664292699416,0.4392262173580778
DB_final_v3_u3,Numero_horas_con_deambulacion,HRV_SDNN,-0.18367032943979025,-0.18279491617290533
DB_final_v3_u3,Numero_horas_con_deambulacion,FC_al_caminar_promedio_diario,-0.042525163948039325,-0.0505923108712507
DB_final_v3_u3,Numero_horas_estacionarias,Total_hrs_monitorizadas,0.7371223509483698,0.6620618332246108
DB_final_v3_u3,Numero_horas_estacionarias,Hrs_sin_registro,-0.7371223509483696,-0.6620618332246108
DB_final_v3_u3,Numero_horas_estacionarias,min_totales_en_movimiento,-0.5156287862443094,-0.5335236485460043
DB_final_v3_u3,Numero_horas_estacionarias,Total_min_de_ejercicio_diario,-0.35262355764537034,-0.39780869471114755
DB_final_v3_u3,Numero_horas_estacionarias,distancia_caminada_en_km,-0.5095259561438745,-0.5184295553380432
DB_final_v3_u3,Numero_horas_estacionarias,Numero_pasos_por_dia,-0.5050828120521249,-0.5107500535367453
DB_final_v3_u3,Numero_horas_estacionarias,FCr_promedio_diario,0.16051494339506436,0.15673344583345852
DB_final_v3_u3,Numero_horas_estacionarias,Gasto_calorico_activo,-0.28253915668919993,-0.3191773983572591
DB_final_v3_u3,Numero_horas_estacionarias,HRV_SDNN,0.17756065857379222,0.20005809362790505
DB_final_v3_u3,Numero_horas_estacionarias,FC_al_caminar_promedio_diario,0.04361154127792294,0.06176264495255767
DB_final_v3_u3,Total_hrs_monitorizadas,Hrs_sin_registro,-1.0,-1.0
DB_final_v3_u3,Total_hrs_monitorizadas,min_totales_en_movimiento,-0.08282283944093481,-0.07681859446829327
DB_final_v3_u3,Total_hrs_monitorizadas,Total_min_de_ejercicio_diario,-0.11871720112893056,-0.09998516645852104
DB_final_v3_u3,Total_hrs_monitorizadas,distancia_caminada_en_km,-0.08113380593250336,-0.08123189643522839
DB_final_v3_u3,Total_hrs_monitorizadas,Numero_pasos_por_dia,-0.07046809470784599,-0.06941578836059767
DB_final_v3_u3,Total_hrs_monitorizadas,FCr_promedio_diario,0.007798251623818323,-0.0062955288671829816
DB_final_v3_u3,Total_hrs_monitorizadas,Gasto_calorico_activo,-0.025237304153416688,0.008404081755230362
DB_final_v3_u3,Total_hrs_monitorizadas,HRV_SDNN,0.053089443703779354,0.0798085503672614
DB_final_v3_u3,Total_hrs_monitorizadas,FC_al_caminar_promedio_diario,0.01500622933463968,0.03270323338930449
DB_final_v3_u3,Hrs_sin_registro,min_totales_en_movimiento,0.08282283944093478,0.07681859446829327
DB_final_v3_u3,Hrs_sin_registro,Total_min_de_ejercicio_diario,0.1187172011289305,0.09998516645852104
DB_final_v3_u3,Hrs_sin_registro,distancia_caminada_en_km,0.08113380593250338,0.08123189643522839
DB_final_v3_u3,Hrs_sin_registro,Numero_pasos_por_dia,0.07046809470784608,0.06941578836059767
DB_final_v3_u3,Hrs_sin_registro,FCr_promedio_diario,-0.007798251623818325,0.0062955288671829816
DB_final_v3_u3,Hrs_sin_registro,Gasto_calorico_activo,0.025237304153416615,-0.008404081755230362
DB_final_v3_u3,Hrs_sin_registro,HRV_SDNN,-0.05308944370377932,-0.0798085503672614
DB_final_v3_u3,Hrs_sin_registro,FC_al_caminar_promedio_diario,-0.015006229334639763,-0.03270323338930449
DB_final_v3_u3,min_totales_en_movimiento,Total_min_de_ejercicio_diario,0.6546856995475927,0.720734997996631
DB_final_v3_u3,min_totales_en_movimiento,distancia_caminada_en_km,0.9476292097349274,0.9367896967465397
DB_final_v3_u3,min_totales_en_movimiento,Numero_pasos_por_dia,0.9540512564760264,0.9436781713877657
DB_final_v3_u3,min_totales_en_movimiento,FCr_promedio_diario,-0.18476220517776548,-0.18221816964717333
DB_final_v3_u3,min_totales_en_movimiento,Gasto_calorico_activo,0.4751500076862641,0.5904459804967275
DB_final_v3_u3,min_totales_en_movimiento,HRV_SDNN,-0.23045950196503057,-0.2256985215126785
DB_final_v3_u3,min_totales_en_movimiento,FC_al_caminar_promedio_diario,-0.030589557331602103,-0.03226127776023384
DB_final_v3_u3,Total_min_de_ejercicio_diario,distancia_caminada_en_km,0.5454775338586134,0.6324432440411427
DB_final_v3_u3,Total_min_de_ejercicio_diario,Numero_pasos_por_dia,0.5373699214747618,0.6246470200929877
DB_final_v3_u3,Total_min_de_ejercicio_diario,FCr_promedio_diario,-0.06769282731987084,-0.08009859413693743
DB_final_v3_u3,Total_min_de_ejercicio_diario,Gasto_calorico_activo,0.2163718835905174,0.3539287197130141
DB_final_v3_u3,Total_min_de_ejercicio_diario,HRV_SDNN,-0.13661911607312624,-0.1631855044756383
DB_final_v3_u3,Total_min_de_ejercicio_diario,FC_al_caminar_promedio_diario,-0.0260708380402687,-0.014468607958492261
DB_final_v3_u3,distancia_caminada_en_km,Numero_pasos_por_dia,0.9937519915923112,0.9924417624676741
DB_final_v3_u3,distancia_caminada_en_km,FCr_promedio_diario,-0.20323834335445798,-0.2067207124142343
DB_final_v3_u3,distancia_caminada_en_km,Gasto_calorico_activo,0.5001655735339927,0.6297694986320563
DB_final_v3_u3,distancia_caminada_en_km,HRV_SDNN,-0.20456072635690833,-0.21219994321938834
DB_final_v3_u3,distancia_caminada_en_km,FC_al_caminar_promedio_diario,-0.028187646221935373,-0.03050098427254747
DB_final_v3_u3,Numero_pasos_por_dia,FCr_promedio_diario,-0.1976463578929693,-0.19891769153584107
DB_final_v3_u3,Numero_pasos_por_dia,Gasto_calorico_activo,0.5040956948090834,0.6291488486550164
DB_final_v3_u3,Numero_pasos_por_dia,HRV_SDNN,-0.21829176988461532,-0.22453544906655284
DB_final_v3_u3,Numero_pasos_por_dia,FC_al_caminar_promedio_diario,-0.02602627384042769,-0.025633550007356284
DB_final_v3_u3,FCr_promedio_diario,Gasto_calorico_activo,-0.12955068288170657,-0.13989517348167327
DB_final_v3_u3,FCr_promedio_diario,HRV_SDNN,0.08647045101993682,0.08220557937514192
DB_final_v3_u3,FCr_promedio_diario,FC_al_caminar_promedio_diario,0.016261556818296562,-0.009221382472548728
DB_final_v3_u3,Gasto_calorico_activo,HRV_SDNN,-0.13440610377129436,-0.16240759604192312
DB_final_v3_u3,Gasto_calorico_activo,FC_al_caminar_promedio_diario,0.07786841109707718,0.07004302184174735
DB_final_v3_u3,HRV_SDNN,FC_al_caminar_promedio_diario,-0.18266844962724202,-0.23961342992217413
DB_final_v3_u4,Numero_horas_con_deambulacion,Numero_horas_estacionarias,0.0779814477764255,-0.10964652224174581
DB_final_v3_u4,Numero_horas_con_deambulacion,Total_hrs_monitorizadas,0.8610908034550869,0.8863841777709007
DB_final_v3_u4,Numero_horas_con_deambulacion,Hrs_sin_registro,-0.8610908034550869,-0.8863841777709007
DB_final_v3_u4,Numero_horas_con_deambulacion,min_totales_en_movimiento,0.62405810761065,0.6446621566499523
DB_final_v3_u4,Numero_horas_con_deambulacion,Total_min_de_ejercicio_diario,0.49266273917232634,0.5238812286795207
DB_final_v3_u4,Numero_horas_con_deambulacion,distancia_caminada_en_km,0.6650228114740404,0.6718405375524337
DB_final_v3_u4,Numero_horas_con_deambulacion,Numero_pasos_por_dia,0.6742661332422727,0.6830479333702747
DB_final_v3_u4,Numero_horas_con_deambulacion,FCr_promedio_diario,-0.2339482179817058,-0.29225420419652703
DB_final_v3_u4,Numero_horas_con_deambulacion,Gasto_calorico_activo,0.7440791302294785,0.7463714334101614
DB_final_v3_u4,Numero_horas_con_deambulacion,HRV_SDNN,0.13733945802013736,0.11447309489782519
DB_final_v3_u4,Numero_horas_con_deambulacion,FC_al_caminar_promedio_diario,-0.11899019528987899,-0.0686235063699512
DB_final_v3_u4,Numero_horas_estacionarias,Total_hrs_monitorizadas,0.5740519824861511,0.29609596223901036
DB_final_v3_u4,Numero_horas_estacionarias,Hrs_sin_registro,-0.5740519824861511,-0.29609596223901036
DB_final_v3_u4,Numero_horas_estacionarias,min_totales_en_movimiento,-0.19322430397835838,-0.3567819022635733
DB_final_v3_u4,Numero_horas_estacionarias,Total_min_de_ejercicio_diario,0.008475664153000042,-0.03087917228156182
DB_final_v3_u4,Numero_horas_estacionarias,distancia_caminada_en_km,-0.16135271710156904,-0.2935219993212455
DB_final_v3_u4,Numero_horas_estacionarias,Numero_pasos_por_dia,-0.16913792872089572,-0.3051849834004289
DB_final_v3_u4,Numero_horas_estacionarias,FCr_promedio_diario,-0.17752473959208626,-0.08429936237503431
DB_final_v3_u4,Numero_horas_estacionarias,Gasto_calorico_activo,0.026531158127952092,-0.08761148040399382
DB_final_v3_u4,Numero_horas_estacionarias,HRV_SDNN,0.0816453045143062,-0.043513273934567845
DB_final_v3_u4,Numero_horas_estacionarias,FC_al_caminar_promedio_diario,-0.05169033702714196,-0.11523087976804385
DB_final_v3_u4,Total_hrs_monitorizadas,Hrs_sin_registro,-1.0,-1.0
DB_final_v3_u4,Total_hrs_monitorizadas,min_totales_en_movimiento,0.4140061436719735,0.4174372281187245
DB_final_v3_u4,Total_hrs_monitorizadas,Total_min_de_ejercicio_diario,0.4089563525462713,0.44859286873141313
DB_final_v3_u4,Total_hrs_monitorizadas,distancia_caminada_en_km,0.4639059167251419,0.4892868585807447
DB_final_v3_u4,Total_hrs_monitorizadas,Numero_pasos_por_dia,0.4675271500055682,0.49737531828982245
DB_final_v3_u4,Total_hrs_monitorizadas,FCr_promedio_diario,-0.28268470894577974,-0.29874074398853045
DB_final_v3_u4,Total_hrs_monitorizadas,Gasto_calorico_activo,0.6246580248120919,0.6616401065489879
DB_final_v3_u4,Total_hrs_monitorizadas,HRV_SDNN,0.15443908791440972,0.13348351555395152
DB_final_v3_u4,Total_hrs_monitorizadas,FC_al_caminar_promedio_diario,-0.1240913115092235,-0.11360507178305183
DB_final_v3_u4,Hrs_sin_registro,min_totales_en_movimiento,-0.4140061436719735,-0.4174372281187245
DB_final_v3_u4,Hrs_sin_registro,Total_min_de_ejercicio_diario,-0.4089563525462713,-0.44859286873141313
DB_final_v3_u4,Hrs_sin_registro,distancia_caminada_en_km,-0.4639059167251419,-0.4892868585807447
DB_final_v3_u4,Hrs_sin_registro,Numero_pasos_por_dia,-0.4675271500055682,-0.49737531828982245
DB_final_v3_u4,Hrs_sin_registro,FCr_promedio_diario,0.28268470894577974,0.29874074398853045
DB_final_v3_u4,Hrs_sin_registro,Gasto_calorico_activo,-0.6246580248120919,-0.6616401065489879
DB_final_v3_u4,Hrs_sin_registro,HRV_SDNN,-0.15443908791440972,-0.13348351555395152
DB_final_v3_u4,Hrs_sin_registro,FC_al_caminar_promedio_diario,0.1240913115092235,0.11360507178305183
DB_final_v3_u4,min_totales_en_movimiento,Total_min_de_ejercicio_diario,0.5462590145852013,0.574328913556068
DB_final_v3_u4,min_totales_en_movimiento,distancia_caminada_en_km,0.9206875112011955,0.9183581435394154
DB_final_v3_u4,min_totales_en_movimiento,Numero_pasos_por_dia,0.9222473629504095,0.9220005377598437
DB_final_v3_u4,min_totales_en_movimiento,FCr_promedio_diario,0.062203312234384786,-0.03749742373570557
DB_final_v3_u4,min_totales_en_movimiento,Gasto_calorico_activo,0.7762617666297567,0.7659405634141941
DB_final_v3_u4,min_totales_en_movimiento,HRV_SDNN,-0.0896925463100097,-0.06936827875664801
DB_final_v3_u4,min_totales_en_movimiento,FC_al_caminar_promedio_diario,-0.0918007302670302,-0.09369953599653806
DB_final_v3_u4,Total_min_de_ejercicio_diario,distancia_caminada_en_km,0.698203520077885,0.720824494599064
DB_final_v3_u4,Total_min_de_ejercicio_diario,Numero_pasos_por_dia,0.6781204307104123,0.6971000738327687
DB_final_v3_u4,Total_min_de_ejercicio_diario,FCr_promedio_diario,-0.0751189358312781,-0.01852223172863496
DB_final_v3_u4,Total_min_de_ejercicio_diario,Gasto_calorico_activo,0.5590124563800629,0.654472164968773
DB_final_v3_u4,Total_min_de_ejercicio_diario,HRV_SDNN,-0.24151301917556556,-0.22374559619088683
DB_final_v3_u4,Total_min_de_ejercicio_diario,FC_al_caminar_promedio_diario,0.0014312666982033507,0.01844794424081344
DB_final_v3_u4,distancia_caminada_en_km,Numero_pasos_por_dia,0.9980445937458585,0.9967444384156267
DB_final_v3_u4,distancia_caminada_en_km,FCr_promedio_diario,0.01249196404188026,-0.03268551851727764
DB_final_v3_u4,distancia_caminada_en_km,Gasto_calorico_activo,0.8055984221850832,0.8268583830710797
DB_final_v3_u4,distancia_caminada_en_km,HRV_SDNN,-0.16638281260400853,-0.15055615843733045
DB_final_v3_u4,distancia_caminada_en_km,FC_al_caminar_promedio_diario,-0.07186672261608325,-0.06390321394982457
DB_final_v3_u4,Numero_pasos_por_dia,FCr_promedio_diario,0.010529597978891924,-0.04258960398284526
DB_final_v3_u4,Numero_pasos_por_dia,Gasto_calorico_activo,0.805048565719767,0.8260851871947911
DB_final_v3_u4,Numero_pasos_por_dia,HRV_SDNN,-0.15230446422027122,-0.13590613130765056
DB_final_v3_u4,Numero_pasos_por_dia,FC_al_caminar_promedio_diario,-0.07533602240853328,-0.07335603088006834
DB_final_v3_u4,FCr_promedio_diario,Gasto_calorico_activo,-0.05758349023159061,-0.12248074986650892
DB_final_v3_u4,FCr_promedio_diario,HRV_SDNN,-0.42636480122932785,-0.42933090428738147
DB_final_v3_u4,FCr_promedio_diario,FC_al_caminar_promedio_diario,0.2856813290763478,0.27031681913824496
DB_final_v3_u4,Gasto_calorico_activo,HRV_SDNN,-0.012909556694203994,-0.04910472056429734
DB_final_v3_u4,Gasto_calorico_activo,FC_al_caminar_promedio_diario,-0.10411377813760278,-0.09411422685251322
DB_final_v3_u4,HRV_SDNN,FC_al_caminar_promedio_diario,-0.17615420277449303,-0.1616207758992218
DB_final_v3_u5,Numero_horas_con_deambulacion,Numero_horas_estacionarias,0.0779814477764255,-0.10964652224174581
DB_final_v3_u5,Numero_horas_con_deambulacion,Total_hrs_monitorizadas,0.8610908034550869,0.8863841777709007
DB_final_v3_u5,Numero_horas_con_deambulacion,Hrs_sin_registro,-0.8610908034550869,-0.8863841777709007
DB_final_v3_u5,Numero_horas_con_deambulacion,min_totales_en_movimiento,0.62405810761065,0.6446621566499523
DB_final_v3_u5,Numero_horas_con_deambulacion,Total_min_de_ejercicio_diario,0.49266273917232634,0.5238812286795207
DB_final_v3_u5,Numero_horas_con_deambulacion,distancia_caminada_en_km,0.6650228114740404,0.6718405375524337
DB_final_v3_u5,Numero_horas_con_deambulacion,Numero_pasos_por_dia,0.6742661332422727,0.6830479333702747
DB_final_v3_u5,Numero_horas_con_deambulacion,FCr_promedio_diario,-0.2339482179817058,-0.29225420419652703
DB_final_v3_u5,Numero_horas_con_deambulacion,Gasto_calorico_activo,0.7440791302294785,0.7463714334101614
DB_final_v3_u5,Numero_horas_con_deambulacion,HRV_SDNN,0.13733945802013736,0.11447309489782519
DB_final_v3_u5,Numero_horas_con_deambulacion,FC_al_caminar_promedio_diario,-0.11899019528987899,-0.0686235063699512
DB_final_v3_u5,Numero_horas_estacionarias,Total_hrs_monitorizadas,0.5740519824861511,0.29609596223901036
DB_final_v3_u5,Numero_horas_estacionarias,Hrs_sin_registro,-0.5740519824861511,-0.29609596223901036
DB_final_v3_u5,Numero_horas_estacionarias,min_totales_en_movimiento,-0.19322430397835838,-0.3567819022635733
DB_final_v3_u5,Numero_horas_estacionarias,Total_min_de_ejercicio_diario,0.008475664153000042,-0.03087917228156182
DB_final_v3_u5,Numero_horas_estacionarias,distancia_caminada_en_km,-0.16135271710156904,-0.2935219993212455
DB_final_v3_u5,Numero_horas_estacionarias,Numero_pasos_por_dia,-0.16913792872089572,-0.3051849834004289
DB_final_v3_u5,Numero_horas_estacionarias,FCr_promedio_diario,-0.17752473959208626,-0.08429936237503431
DB_final_v3_u5,Numero_horas_estacionarias,Gasto_calorico_activo,0.026531158127952092,-0.08761148040399382
DB_final_v3_u5,Numero_horas_estacionarias,HRV_SDNN,0.0816453045143062,-0.043513273934567845
DB_final_v3_u5,Numero_horas_estacionarias,FC_al_caminar_promedio_diario,-0.05169033702714196,-0.11523087976804385
DB_final_v3_u5,Total_hrs_monitorizadas,Hrs_sin_registro,-1.0,-1.0
DB_final_v3_u5,Total_hrs_monitorizadas,min_totales_en_movimiento,0.4140061436719735,0.4174372281187245
DB_final_v3_u5,Total_hrs_monitorizadas,Total_min_de_ejercicio_diario,0.4089563525462713,0.44859286873141313
DB_final_v3_u5,Total_hrs_monitorizadas,distancia_caminada_en_km,0.4639059167251419,0.4892868585807447
DB_final_v3_u5,Total_hrs_monitorizadas,Numero_pasos_por_dia,0.4675271500055682,0.49737531828982245
DB_final_v3_u5,Total_hrs_monitorizadas,FCr_promedio_diario,-0.28268470894577974,-0.29874074398853045
DB_final_v3_u5,Total_hrs_monitorizadas,Gasto_calorico_activo,0.6246580248120919,0.6616401065489879
DB_final_v3_u5,Total_hrs_monitorizadas,HRV_SDNN,0.15443908791440972,0.13348351555395152
DB_final_v3_u5,Total_hrs_monitorizadas,FC_al_caminar_promedio_diario,-0.1240913115092235,-0.11360507178305183
DB_final_v3_u5,Hrs_sin_registro,min_totales_en_movimiento,-0.4140061436719735,-0.4174372281187245
DB_final_v3_u5,Hrs_sin_registro,Total_min_de_ejercicio_diario,-0.4089563525462713,-0.44859286873141313
DB_final_v3_u5,Hrs_sin_registro,distancia_caminada_en_km,-0.4639059167251419,-0.4892868585807447
DB_final_v3_u5,Hrs_sin_registro,Numero_pasos_por_dia,-0.4675271500055682,-0.49737531828982245
DB_final_v3_u5,Hrs_sin_registro,FCr_promedio_diario,0.28268470894577974,0.29874074398853045
DB_final_v3_u5,Hrs_sin_registro,Gasto_calorico_activo,-0.6246580248120919,-0.6616401065489879
DB_final_v3_u5,Hrs_sin_registro,HRV_SDNN,-0.15443908791440972,-0.13348351555395152
DB_final_v3_u5,Hrs_sin_registro,FC_al_caminar_promedio_diario,0.1240913115092235,0.11360507178305183
DB_final_v3_u5,min_totales_en_movimiento,Total_min_de_ejercicio_diario,0.5462590145852013,0.574328913556068
DB_final_v3_u5,min_totales_en_movimiento,distancia_caminada_en_km,0.9206875112011955,0.9183581435394154
DB_final_v3_u5,min_totales_en_movimiento,Numero_pasos_por_dia,0.9222473629504095,0.9220005377598437
DB_final_v3_u5,min_totales_en_movimiento,FCr_promedio_diario,0.062203312234384786,-0.03749742373570557
DB_final_v3_u5,min_totales_en_movimiento,Gasto_calorico_activo,0.7762617666297567,0.7659405634141941
DB_final_v3_u5,min_totales_en_movimiento,HRV_SDNN,-0.0896925463100097,-0.06936827875664801
DB_final_v3_u5,min_totales_en_movimiento,FC_al_caminar_promedio_diario,-0.0918007302670302,-0.09369953599653806
DB_final_v3_u5,Total_min_de_ejercicio_diario,distancia_caminada_en_km,0.698203520077885,0.720824494599064
DB_final_v3_u5,Total_min_de_ejercicio_diario,Numero_pasos_por_dia,0.6781204307104123,0.6971000738327687
DB_final_v3_u5,Total_min_de_ejercicio_diario,FCr_promedio_diario,-0.0751189358312781,-0.01852223172863496
DB_final_v3_u5,Total_min_de_ejercicio_diario,Gasto_calorico_activo,0.5590124563800629,0.654472164968773
DB_final_v3_u5,Total_min_de_ejercicio_diario,HRV_SDNN,-0.24151301917556556,-0.22374559619088683
DB_final_v3_u5,Total_min_de_ejercicio_diario,FC_al_caminar_promedio_diario,0.0014312666982033507,0.01844794424081344
DB_final_v3_u5,distancia_caminada_en_km,Numero_pasos_por_dia,0.9980445937458585,0.9967444384156267
DB_final_v3_u5,distancia_caminada_en_km,FCr_promedio_diario,0.01249196404188026,-0.03268551851727764
DB_final_v3_u5,distancia_caminada_en_km,Gasto_calorico_activo,0.8055984221850832,0.8268583830710797
DB_final_v3_u5,distancia_caminada_en_km,HRV_SDNN,-0.16638281260400853,-0.15055615843733045
DB_final_v3_u5,distancia_caminada_en_km,FC_al_caminar_promedio_diario,-0.07186672261608325,-0.06390321394982457
DB_final_v3_u5,Numero_pasos_por_dia,FCr_promedio_diario,0.010529597978891924,-0.04258960398284526
DB_final_v3_u5,Numero_pasos_por_dia,Gasto_calorico_activo,0.805048565719767,0.8260851871947911
DB_final_v3_u5,Numero_pasos_por_dia,HRV_SDNN,-0.15230446422027122,-0.13590613130765056
DB_final_v3_u5,Numero_pasos_por_dia,FC_al_caminar_promedio_diario,-0.07533602240853328,-0.07335603088006834
DB_final_v3_u5,FCr_promedio_diario,Gasto_calorico_activo,-0.05758349023159061,-0.12248074986650892
DB_final_v3_u5,FCr_promedio_diario,HRV_SDNN,-0.42636480122932785,-0.42933090428738147
DB_final_v3_u5,FCr_promedio_diario,FC_al_caminar_promedio_diario,0.2856813290763478,0.27031681913824496
DB_final_v3_u5,Gasto_calorico_activo,HRV_SDNN,-0.012909556694203994,-0.04910472056429734
DB_final_v3_u5,Gasto_calorico_activo,FC_al_caminar_promedio_diario,-0.10411377813760278,-0.09411422685251322
DB_final_v3_u5,HRV_SDNN,FC_al_caminar_promedio_diario,-0.17615420277449303,-0.1616207758992218
DB_final_v3_u6,Numero_horas_con_deambulacion,Numero_horas_estacionarias,0.026937124021518724,0.014877159469512171
DB_final_v3_u6,Numero_horas_con_deambulacion,Total_hrs_monitorizadas,0.8747560002716156,0.887097004440416
DB_final_v3_u6,Numero_horas_con_deambulacion,Hrs_sin_registro,-0.8747560002716156,-0.887097004440416
DB_final_v3_u6,Numero_horas_con_deambulacion,min_totales_en_movimiento,0.7341417025644567,0.7501587299536085
DB_final_v3_u6,Numero_horas_con_deambulacion,Total_min_de_ejercicio_diario,0.26217299282225437,0.3268875600232761
DB_final_v3_u6,Numero_horas_con_deambulacion,distancia_caminada_en_km,0.7390723479211496,0.7692560412886589
DB_final_v3_u6,Numero_horas_con_deambulacion,Numero_pasos_por_dia,0.7582132589122385,0.7839146241393978
DB_final_v3_u6,Numero_horas_con_deambulacion,FCr_promedio_diario,-0.25560025192985264,-0.24706303445218325
DB_final_v3_u6,Numero_horas_con_deambulacion,Gasto_calorico_activo,0.7699455500862424,0.8271942933899024
DB_final_v3_u6,Numero_horas_con_deambulacion,HRV_SDNN,0.0075230460900438615,0.06006249451346136
DB_final_v3_u6,Numero_horas_con_deambulacion,FC_al_caminar_promedio_diario,-0.09500615528461652,-0.11323052618579331
DB_final_v3_u6,Numero_horas_estacionarias,Total_hrs_monitorizadas,0.5079512365509663,0.37190285131385814
DB_final_v3_u6,Numero_horas_estacionarias,Hrs_sin_registro,-0.5079512365509663,-0.37190285131385814
DB_final_v3_u6,Numero_horas_estacionarias,min_totales_en_movimiento,-0.04512446946821005,-0.0827137397172718
DB_final_v3_u6,Numero_horas_estacionarias,Total_min_de_ejercicio_diario,0.0498365618803919,0.030263002377887614
DB_final_v3_u6,Numero_horas_estacionarias,distancia_caminada_en_km,-0.03330135885894274,-0.06954036615488433
DB_final_v3_u6,Numero_horas_estacionarias,Numero_pasos_por_dia,-0.03249579836233975,-0.06791918806908175
DB_final_v3_u6,Numero_horas_estacionarias,FCr_promedio_diario,-0.1197093950186886,-0.07185078827401371
DB_final_v3_u6,Numero_horas_estacionarias,Gasto_calorico_activo,0.02256338489029749,-0.05097965259645099
DB_final_v3_u6,Numero_horas_estacionarias,HRV_SDNN,0.1751666007705867,0.10208066132284434
DB_final_v3_u6,Numero_horas_estacionarias,FC_al_caminar_promedio_diario,0.004825781975416246,0.01737141675708713
DB_final_v3_u6,Total_hrs_monitorizadas,Hrs_sin_registro,-1.0,-1.0
DB_final_v3_u6,Total_hrs_monitorizadas,min_totales_en_movimiento,0.6107351964140635,0.6314795656750429
DB_final_v3_u6,Total_hrs_monitorizadas,Total_min_de_ejercicio_diario,0.25007183038639746,0.3000377998688768
DB_final_v3_u6,Total_hrs_monitorizadas,distancia_caminada_en_km,0.6207150555726668,0.6552614483568574
DB_final_v3_u6,Total_hrs_monitorizadas,Numero_pasos_por_dia,0.6375992371054852,0.6675152675569719
DB_final_v3_u6,Total_hrs_monitorizadas,FCr_promedio_diario,-0.2782782355228589,-0.2787350079880196
DB_final_v3_u6,Total_hrs_monitorizadas,Gasto_calorico_activo,0.6743982990304243,0.7323207132678561
DB_final_v3_u6,Total_hrs_monitorizadas,HRV_SDNN,0.09139277805279666,0.11909539262788216
DB_final_v3_u6,Total_hrs_monitorizadas,FC_al_caminar_promedio_diario,-0.07952741510051639,-0.09591212971888939
DB_final_v3_u6,Hrs_sin_registro,min_totales_en_movimiento,-0.6107351964140635,-0.6314795656750429
DB_final_v3_u6,Hrs_sin_registro,Total_min_de_ejercicio_diario,-0.25007183038639746,-0.3000377998688768
DB_final_v3_u6,Hrs_sin_registro,distancia_caminada_en_km,-0.6207150555726668,-0.6552614483568574
DB_final_v3_u6,Hrs_sin_registro,Numero_pasos_por_dia,-0.6375992371054852,-0.6675152675569719
DB_final_v3_u6,Hrs_sin_registro,FCr_promedio_diario,0.2782782355228589,0.2787350079880196
DB_final_v3_u6,Hrs_sin_registro,Gasto_calorico_activo,-0.6743982990304243,-0.7323207132678561
DB_final_v3_u6,Hrs_sin_registro,HRV_SDNN,-0.09139277805279666,-0.11909539262788216
DB_final_v3_u6,Hrs_sin_registro,FC_al_caminar_promedio_diario,0.07952741510051639,0.09591212971888939
DB_final_v3_u6,min_totales_en_movimiento,Total_min_de_ejercicio_diario,0.3159820133912341,0.3619640742476715
DB_final_v3_u6,min_totales_en_movimiento,distancia_caminada_en_km,0.8337261456499198,0.842726215545115
DB_final_v3_u6,min_totales_en_movimiento,Numero_pasos_por_dia,0.8470558167540377,0.8536419105454307
DB_final_v3_u6,min_totales_en_movimiento,FCr_promedio_diario,-0.22039316613289792,-0.19522564084465616
DB_final_v3_u6,min_totales_en_movimiento,Gasto_calorico_activo,0.7638162641506502,0.8095608971147424
DB_final_v3_u6,min_totales_en_movimiento,HRV_SDNN,-0.050210599660257184,-0.03340040723480186
DB_final_v3_u6,min_totales_en_movimiento,FC_al_caminar_promedio_diario,-0.06900570207930916,-0.08281990703995011
DB_final_v3_u6,Total_min_de_ejercicio_diario,distancia_caminada_en_km,0.4899442578933251,0.4545253725683306
DB_final_v3_u6,Total_min_de_ejercicio_diario,Numero_pasos_por_dia,0.48948373680116664,0.4459251273341223
DB_final_v3_u6,Total_min_de_ejercicio_diario,FCr_promedio_diario,-0.02861986166254838,0.036324991777653456
DB_final_v3_u6,Total_min_de_ejercicio_diario,Gasto_calorico_activo,0.4116094699283857,0.42319876764710274
DB_final_v3_u6,Total_min_de_ejercicio_diario,HRV_SDNN,-0.017847352521159085,-0.038288733108161714
DB_final_v3_u6,Total_min_de_ejercicio_diario,FC_al_caminar_promedio_diario,0.008487427033132563,0.039279466254365056
DB_final_v3_u6,distancia_caminada_en_km,Numero_pasos_por_dia,0.9632911377234,0.9708115829880618
DB_final_v3_u6,distancia_caminada_en_km,FCr_promedio_diario,-0.26754858908989826,-0.24870389722757227
DB_final_v3_u6,distancia_caminada_en_km,Gasto_calorico_activo,0.820834987333608,0.8581211178473234
DB_final_v3_u6,distancia_caminada_en_km,HRV_SDNN,-0.010947654178418802,0.0035391630201824066
DB_final_v3_u6,distancia_caminada_en_km,FC_al_caminar_promedio_diario,-0.05055269351920255,-0.06587519214566633
DB_final_v3_u6,Numero_pasos_por_dia,FCr_promedio_diario,-0.26374795185839045,-0.2508845666500811
DB_final_v3_u6,Numero_pasos_por_dia,Gasto_calorico_activo,0.8105513263620385,0.8516600544967127
DB_final_v3_u6,Numero_pasos_por_dia,HRV_SDNN,-0.01415855969837,0.003870945050460986
DB_final_v3_u6,Numero_pasos_por_dia,FC_al_caminar_promedio_diario,-0.04885878691982909,-0.06214731363675049
DB_final_v3_u6,FCr_promedio_diario,Gasto_calorico_activo,-0.28698877715036974,-0.2548999899955722
DB_final_v3_u6,FCr_promedio_diario,HRV_SDNN,-0.14165031807138084,-0.1292265181990608
DB_final_v3_u6,FCr_promedio_diario,FC_al_caminar_promedio_diario,0.09231347956827712,0.09275724556919113
DB_final_v3_u6,Gasto_calorico_activo,HRV_SDNN,0.014700332224308789,0.038885655411204735
DB_final_v3_u6,Gasto_calorico_activo,FC_al_caminar_promedio_diario,-0.09499120497435373,-0.11476514467048392
DB_final_v3_u6,HRV_SDNN,FC_al_caminar_promedio_diario,-0.15630286654554418,-0.16648223911048685
DB_final_v3_u7,Numero_horas_con_deambulacion,Numero_horas_estacionarias,0.3419350942329943,0.3760130841427323
DB_final_v3_u7,Numero_horas_con_deambulacion,Total_hrs_monitorizadas,0.8615437949103965,0.8555011998064047
DB_final_v3_u7,Numero_horas_con_deambulacion,Hrs_sin_registro,-0.8615437949103963,-0.8555011998064047
DB_final_v3_u7,Numero_horas_con_deambulacion,min_totales_en_movimiento,0.5956992902261655,0.5930554492552983
DB_final_v3_u7,Numero_horas_con_deambulacion,Total_min_de_ejercicio_diario,-0.02526918681586887,0.14408787781871868
DB_final_v3_u7,Numero_horas_con_deambulacion,distancia_caminada_en_km,0.5461074154211019,0.5575610579672285
DB_final_v3_u7,Numero_horas_con_deambulacion,Numero_pasos_por_dia,0.5913930112682972,0.545205213016246
DB_final_v3_u7,Numero_horas_con_deambulacion,FCr_promedio_diario,-0.4530477153460574,-0.5103895804164733
DB_final_v3_u7,Numero_horas_con_deambulacion,Gasto_calorico_activo,0.419108967278703,0.6414621189398264
DB_final_v3_u7,Numero_horas_con_deambulacion,HRV_SDNN,0.13963296410909878,0.21023488468284485
DB_final_v3_u7,Numero_horas_con_deambulacion,FC_al_caminar_promedio_diario,-0.07744516306330898,-0.09771166916074472
DB_final_v3_u7,Numero_horas_estacionarias,Total_hrs_monitorizadas,0.7710783610915396,0.7699893546187564
DB_final_v3_u7,Numero_horas_estacionarias,Hrs_sin_registro,-0.7710783610915395,-0.7699893546187564
DB_final_v3_u7,Numero_horas_estacionarias,min_totales_en_movimiento,0.0887326600997516,0.09758307908463397
DB_final_v3_u7,Numero_horas_estacionarias,Total_min_de_ejercicio_diario,-0.13465353578647374,-0.04474251802549147
DB_final_v3_u7,Numero_horas_estacionarias,distancia_caminada_en_km,0.07188930842414565,0.08832972458605305
DB_final_v3_u7,Numero_horas_estacionarias,Numero_pasos_por_dia,0.07436644432001115,0.06117800111742892
DB_final_v3_u7,Numero_horas_estacionarias,FCr_promedio_diario,-0.509541468414505,-0.6043762006651425
DB_final_v3_u7,Numero_horas_estacionarias,Gasto_calorico_activo,0.08578186793163578,0.2016765464018346
DB_final_v3_u7,Numero_horas_estacionarias,HRV_SDNN,0.2996738852373719,0.31229961781314414
DB_final_v3_u7,Numero_horas_estacionarias,FC_al_caminar_promedio_diario,-0.058839600259734365,-0.046208702948560935
DB_final_v3_u7,Total_hrs_monitorizadas,Hrs_sin_registro,-1.0,-1.0
DB_final_v3_u7,Total_hrs_monitorizadas,min_totales_en_movimiento,0.4525196314607104,0.45977196399934694
DB_final_v3_u7,Total_hrs_monitorizadas,Total_min_de_ejercicio_diario,-0.08797019739498137,0.08045262874359708
DB_final_v3_u7,Total_hrs_monitorizadas,distancia_caminada_en_km,0.41189227508537624,0.4355721680980017
DB_final_v3_u7,Total_hrs_monitorizadas,Numero_pasos_por_dia,0.4431381946157798,0.4089863663541876
DB_final_v3_u7,Total_hrs_monitorizadas,FCr_promedio_diario,-0.5871650406760712,-0.6499756208594617
DB_final_v3_u7,Total_hrs_monitorizadas,Gasto_calorico_activo,0.33458579360684054,0.5497769492352232
DB_final_v3_u7,Total_hrs_monitorizadas,HRV_SDNN,0.25807172922147303,0.3028805424581467
DB_final_v3_u7,Total_hrs_monitorizadas,FC_al_caminar_promedio_diario,-0.08542626030035676,-0.08286320083440996
DB_final_v3_u7,Hrs_sin_registro,min_totales_en_movimiento,-0.4525196314607103,-0.45977196399934694
DB_final_v3_u7,Hrs_sin_registro,Total_min_de_ejercicio_diario,0.08797019739498148,-0.08045262874359708
DB_final_v3_u7,Hrs_sin_registro,distancia_caminada_en_km,-0.41189227508537607,-0.4355721680980017
DB_final_v3_u7,Hrs_sin_registro,Numero_pasos_por_dia,-0.44313819461577975,-0.4089863663541876
DB_final_v3_u7,Hrs_sin_registro,FCr_promedio_diario,0.5871650406760713,0.6499756208594617
DB_final_v3_u7,Hrs_sin_registro,Gasto_calorico_activo,-0.3345857936068404,-0.5497769492352232
DB_final_v3_u7,Hrs_sin_registro,HRV_SDNN,-0.2580717292214728,-0.3028805424581467
DB_final_v3_u7,Hrs_sin_registro,FC_al_caminar_promedio_diario,0.08542626030035659,0.08286320083440996
DB_final_v3_u7,min_totales_en_movimiento,Total_min_de_ejercicio_diario,0.36290791685186896,0.3463048257059032
DB_final_v3_u7,min_totales_en_movimiento,distancia_caminada_en_km,0.7257302190413275,0.746600205970483
DB_final_v3_u7,min_totales_en_movimiento,Numero_pasos_por_dia,0.8499793131045766,0.848831227140599
DB_final_v3_u7,min_totales_en_movimiento,FCr_promedio_diario,-0.13687998291733727,-0.15508239783819458
DB_final_v3_u7,min_totales_en_movimiento,Gasto_calorico_activo,0.4488480879675381,0.6591860311109032
DB_final_v3_u7,min_totales_en_movimiento,HRV_SDNN,-0.05505009581736753,-0.021549689833886415
DB_final_v3_u7,min_totales_en_movimiento,FC_al_caminar_promedio_diario,0.024093605529911754,-0.022235964787178267
DB_final_v3_u7,Total_min_de_ejercicio_diario,distancia_caminada_en_km,0.10897019594050736,0.2554092750582575
DB_final_v3_u7,Total_min_de_ejercicio_diario,Numero_pasos_por_dia,0.3227472320723178,0.39499850327169794
DB_final_v3_u7,Total_min_de_ejercicio_diario,FCr_promedio_diario,0.11072826052397393,-0.000904457458764214
DB_final_v3_u7,Total_min_de_ejercicio_diario,Gasto_calorico_activo,0.05011055447037899,0.22245003365669735
DB_final_v3_u7,Total_min_de_ejercicio_diario,HRV_SDNN,-0.1432547497669174,-0.03834001205685607
DB_final_v3_u7,Total_min_de_ejercicio_diario,FC_al_caminar_promedio_diario,0.11461460660466018,0.019561660140784486
DB_final_v3_u7,distancia_caminada_en_km,Numero_pasos_por_dia,0.8560509325416477,0.8846679786147689
DB_final_v3_u7,distancia_caminada_en_km,FCr_promedio_diario,-0.17055742651921296,-0.16274120150616364
DB_final_v3_u7,distancia_caminada_en_km,Gasto_calorico_activo,0.6753930284574541,0.7984819219878404
DB_final_v3_u7,distancia_caminada_en_km,HRV_SDNN,-0.029711476092249393,0.012580803798532323
DB_final_v3_u7,distancia_caminada_en_km,FC_al_caminar_promedio_diario,0.0022253962207794404,0.007855864285074812
DB_final_v3_u7,Numero_pasos_por_dia,FCr_promedio_diario,-0.169299593084505,-0.1366390289217488
DB_final_v3_u7,Numero_pasos_por_dia,Gasto_calorico_activo,0.5002718823546336,0.6721802276944385
DB_final_v3_u7,Numero_pasos_por_dia,HRV_SDNN,-0.032133186605013964,-0.004418844958725957
DB_final_v3_u7,Numero_pasos_por_dia,FC_al_caminar_promedio_diario,-0.0032542479921704934,-0.00501398535774755
DB_final_v3_u7,FCr_promedio_diario,Gasto_calorico_activo,-0.096898715184336,-0.23973856477632186
DB_final_v3_u7,FCr_promedio_diario,HRV_SDNN,-0.5005617677843776,-0.5540667513659897
DB_final_v3_u7,FCr_promedio_diario,FC_al_caminar_promedio_diario,0.3082422823793077,0.2865372619967814
DB_final_v3_u7,Gasto_calorico_activo,HRV_SDNN,-0.023499680108581188,0.07397736143100656
DB_final_v3_u7,Gasto_calorico_activo,FC_al_caminar_promedio_diario,-0.0071303406205792865,-0.0396967900945029
DB_final_v3_u7,HRV_SDNN,FC_al_caminar_promedio_diario,-0.2752138133929297,-0.2434755553137911
DB_final_v3_u8,Numero_horas_con_deambulacion,Numero_horas_estacionarias,-0.12857099498963287,-0.2570173747117494
DB_final_v3_u8,Numero_horas_con_deambulacion,Total_hrs_monitorizadas,0.852064331809185,0.8098551225049849
DB_final_v3_u8,Numero_horas_con_deambulacion,Hrs_sin_registro,-0.8520643318091843,-0.8098551225049849
DB_final_v3_u8,Numero_horas_con_deambulacion,min_totales_en_movimiento,0.6093376771262609,0.5720017499579736
DB_final_v3_u8,Numero_horas_con_deambulacion,Total_min_de_ejercicio_diario,0.3979459709239515,0.3465309186006101
DB_final_v3_u8,Numero_horas_con_deambulacion,distancia_caminada_en_km,0.5444379419676687,0.5264984511039681
DB_final_v3_u8,Numero_horas_con_deambulacion,Numero_pasos_por_dia,0.5823744244362361,0.5592821510966445
DB_final_v3_u8,Numero_horas_con_deambulacion,FCr_promedio_diario,-0.3711127778419197,-0.3243816484981821
DB_final_v3_u8,Numero_horas_con_deambulacion,Gasto_calorico_activo,0.20392709992936983,0.2514494576148968
DB_final_v3_u8,Numero_horas_con_deambulacion,HRV_SDNN,0.16580245288913303,0.16388928665135458
DB_final_v3_u8,Numero_horas_con_deambulacion,FC_al_caminar_promedio_diario,-0.11099405575150552,-0.09263684142220832
DB_final_v3_u8,Numero_horas_estacionarias,Total_hrs_monitorizadas,0.40922083195873604,0.2683240651609792
DB_final_v3_u8,Numero_horas_estacionarias,Hrs_sin_registro,-0.40922083195873654,-0.2683240651609792
DB_final_v3_u8,Numero_horas_estacionarias,min_totales_en_movimiento,-0.09330749911546193,-0.1474992132904721
DB_final_v3_u8,Numero_horas_estacionarias,Total_min_de_ejercicio_diario,-0.012809993416487407,-0.035828302504517295
DB_final_v3_u8,Numero_horas_estacionarias,distancia_caminada_en_km,-0.019904395109174827,-0.06317204707899414
DB_final_v3_u8,Numero_horas_estacionarias,Numero_pasos_por_dia,-0.033233931888676536,-0.07472467925376204
DB_final_v3_u8,Numero_horas_estacionarias,FCr_promedio_diario,-0.2377942168624083,-0.15879449950681826
DB_final_v3_u8,Numero_horas_estacionarias,Gasto_calorico_activo,-0.07238768095241653,-0.051849580115016246
DB_final_v3_u8,Numero_horas_estacionarias,HRV_SDNN,0.014835682835334145,-0.012030680917314645
DB_final_v3_u8,Numero_horas_estacionarias,FC_al_caminar_promedio_diario,0.03292088220791666,0.06057546424753537
DB_final_v3_u8,Total_hrs_monitorizadas,Hrs_sin_registro,-1.0000000000000007,-1.0
DB_final_v3_u8,Total_hrs_monitorizadas,min_totales_en_movimiento,0.5105151656905925,0.46168854658856845
DB_final_v3_u8,Total_hrs_monitorizadas,Total_min_de_ejercicio_diario,0.35907829803523456,0.29834123730835826
DB_final_v3_u8,Total_hrs_monitorizadas,distancia_caminada_en_km,0.48960577412750317,0.47046442198062954
DB_final_v3_u8,Total_hrs_monitorizadas,Numero_pasos_por_dia,0.5179996215684974,0.49124610397241375
DB_final_v3_u8,Total_hrs_monitorizadas,FCr_promedio_diario,-0.4629118136184336,-0.3881790363432778
DB_final_v3_u8,Total_hrs_monitorizadas,Gasto_calorico_activo,0.1481787201195302,0.20432369007628323
DB_final_v3_u8,Total_hrs_monitorizadas,HRV_SDNN,0.1590764926100083,0.15287600335011828
DB_final_v3_u8,Total_hrs_monitorizadas,FC_al_caminar_promedio_diario,-0.0845470735645243,-0.04151113980791291
DB_final_v3_u8,Hrs_sin_registro,min_totales_en_movimiento,-0.5105151656905923,-0.46168854658856845
DB_final_v3_u8,Hrs_sin_registro,Total_min_de_ejercicio_diario,-0.35907829803523494,-0.29834123730835826
DB_final_v3_u8,Hrs_sin_registro,distancia_caminada_en_km,-0.48960577412750317,-0.47046442198062954
DB_final_v3_u8,Hrs_sin_registro,Numero_pasos_por_dia,-0.5179996215684978,-0.49124610397241375
DB_final_v3_u8,Hrs_sin_registro,FCr_promedio_diario,0.46291181361843325,0.3881790363432778
DB_final_v3_u8,Hrs_sin_registro,Gasto_calorico_activo,-0.1481787201195298,-0.20432369007628323
DB_final_v3_u8,Hrs_sin_registro,HRV_SDNN,-0.15907649261000814,-0.15287600335011828
DB_final_v3_u8,Hrs_sin_registro,FC_al_caminar_promedio_diario,0.08454707356452426,0.04151113980791291
DB_final_v3_u8,min_totales_en_movimiento,Total_min_de_ejercicio_diario,0.5934666944657737,0.6067292399469147
DB_final_v3_u8,min_totales_en_movimiento,distancia_caminada_en_km,0.8796640830237449,0.8572973080704824
DB_final_v3_u8,min_totales_en_movimiento,Numero_pasos_por_dia,0.8940858444629309,0.876999943680427
DB_final_v3_u8,min_totales_en_movimiento,FCr_promedio_diario,-0.16321988906641438,-0.1969191823075823
DB_final_v3_u8,min_totales_en_movimiento,Gasto_calorico_activo,0.1920288823344721,0.20530931221395973
DB_final_v3_u8,min_totales_en_movimiento,HRV_SDNN,0.03993696827930126,0.059643639270062665
DB_final_v3_u8,min_totales_en_movimiento,FC_al_caminar_promedio_diario,0.04608638239845984,0.0036533532933092855
DB_final_v3_u8,Total_min_de_ejercicio_diario,distancia_caminada_en_km,0.5441629110144235,0.567957763506126
DB_final_v3_u8,Total_min_de_ejercicio_diario,Numero_pasos_por_dia,0.5713230654448502,0.5878729810169306
DB_final_v3_u8,Total_min_de_ejercicio_diario,FCr_promedio_diario,-0.2539786599814945,-0.2683397442330927
DB_final_v3_u8,Total_min_de_ejercicio_diario,Gasto_calorico_activo,0.03573728308398652,-0.0010829719782685248
DB_final_v3_u8,Total_min_de_ejercicio_diario,HRV_SDNN,0.05429308099163655,0.036715572688447745
DB_final_v3_u8,Total_min_de_ejercicio_diario,FC_al_caminar_promedio_diario,-0.019330271344253636,-0.015447942678722211
DB_final_v3_u8,distancia_caminada_en_km,Numero_pasos_por_dia,0.977166126430197,0.9733961239011774
DB_final_v3_u8,distancia_caminada_en_km,FCr_promedio_diario,-0.17274918323704516,-0.21041718911019777
DB_final_v3_u8,distancia_caminada_en_km,Gasto_calorico_activo,0.21291893044605986,0.20948446635123297
DB_final_v3_u8,distancia_caminada_en_km,HRV_SDNN,0.015852700309958036,0.02388938055120008
DB_final_v3_u8,distancia_caminada_en_km,FC_al_caminar_promedio_diario,0.04248243930634593,-0.01775839292545837
DB_final_v3_u8,Numero_pasos_por_dia,FCr_promedio_diario,-0.2030087512144768,-0.2302401532778108
DB_final_v3_u8,Numero_pasos_por_dia,Gasto_calorico_activo,0.19135249553492717,0.19770982226764106
DB_final_v3_u8,Numero_pasos_por_dia,HRV_SDNN,0.02699623098185063,0.03482311564792324
DB_final_v3_u8,Numero_pasos_por_dia,FC_al_caminar_promedio_diario,0.027770525094004756,-0.01849210658534997
DB_final_v3_u8,FCr_promedio_diario,Gasto_calorico_activo,0.001813301063898749,0.027030823533643403
DB_final_v3_u8,FCr_promedio_diario,HRV_SDNN,-0.3564295440074681,-0.3676113800329164
DB_final_v3_u8,FCr_promedio_diario,FC_al_caminar_promedio_diario,0.2829118747082293,0.2325557234045429
DB_final_v3_u8,Gasto_calorico_activo,HRV_SDNN,-0.022749481884680883,0.002359049420707588
DB_final_v3_u8,Gasto_calorico_activo,FC_al_caminar_promedio_diario,-0.01953450925857646,-0.02898884049726566
DB_final_v3_u8,HRV_SDNN,FC_al_caminar_promedio_diario,-0.16364459382873525,-0.1562169564858335
DB_final_v3_u9,Numero_horas_con_deambulacion,Numero_horas_estacionarias,-0.138588254845273,-0.23365969297612807
DB_final_v3_u9,Numero_horas_con_deambulacion,Total_hrs_monitorizadas,0.6647888282449617,0.548184657762446
DB_final_v3_u9,Numero_horas_con_deambulacion,Hrs_sin_registro,-0.6647888282449614,-0.548184657762446
DB_final_v3_u9,Numero_horas_con_deambulacion,min_totales_en_movimiento,0.5685382306315611,0.5676112415941482
DB_final_v3_u9,Numero_horas_con_deambulacion,Total_min_de_ejercicio_diario,0.312270149896385,0.36366770928872555
DB_final_v3_u9,Numero_horas_con_deambulacion,distancia_caminada_en_km,0.565347756908634,0.6185336081339183
DB_final_v3_u9,Numero_horas_con_deambulacion,Numero_pasos_por_dia,0.6031627507201849,0.6250132077894895
DB_final_v3_u9,Numero_horas_con_deambulacion,FCr_promedio_diario,-0.1600493461564968,-0.15364857774540905
DB_final_v3_u9,Numero_horas_con_deambulacion,Gasto_calorico_activo,0.33139628931250026,0.589772711921509
DB_final_v3_u9,Numero_horas_con_deambulacion,HRV_SDNN,-0.00886171811639549,0.02345777223378139
DB_final_v3_u9,Numero_horas_con_deambulacion,FC_al_caminar_promedio_diario,-0.0849486694518922,-0.1152679971164663
DB_final_v3_u9,Numero_horas_estacionarias,Total_hrs_monitorizadas,0.6476906232816064,0.625194271988703
DB_final_v3_u9,Numero_horas_estacionarias,Hrs_sin_registro,-0.6476906232816076,-0.625194271988703
DB_final_v3_u9,Numero_horas_estacionarias,min_totales_en_movimiento,-0.17178731541663586,-0.17242758078265957
DB_final_v3_u9,Numero_horas_estacionarias,Total_min_de_ejercicio_diario,-0.0937316542208691,-0.10478775931839258
DB_final_v3_u9,Numero_horas_estacionarias,distancia_caminada_en_km,-0.19116885390913857,-0.19929504573943319
DB_final_v3_u9,Numero_horas_estacionarias,Numero_pasos_por_dia,-0.18128792369035618,-0.18728215468799236
DB_final_v3_u9,Numero_horas_estacionarias,FCr_promedio_diario,-0.30698945317330767,-0.30059704165386514
DB_final_v3_u9,Numero_horas_estacionarias,Gasto_calorico_activo,-0.045737475270479604,-0.12155932654202328
DB_final_v3_u9,Numero_horas_estacionarias,HRV_SDNN,0.17119204092765922,0.17278032368179452
DB_final_v3_u9,Numero_horas_estacionarias,FC_al_caminar_promedio_diario,-0.02410294878079336,-0.013556902682234351
DB_final_v3_u9,Total_hrs_monitorizadas,Hrs_sin_registro,-1.0,-1.0
DB_final_v3_u9,Total_hrs_monitorizadas,min_totales_en_movimiento,0.3078110780321171,0.2762761012809445
DB_final_v3_u9,Total_hrs_monitorizadas,Total_min_de_ejercicio_diario,0.16953521973455998,0.1796606941760381
DB_final_v3_u9,Total_hrs_monitorizadas,distancia_caminada_en_km,0.2907368638903178,0.2876852500576373
DB_final_v3_u9,Total_hrs_monitorizadas,Numero_pasos_por_dia,0.32728226225543744,0.30500348410029354
DB_final_v3_u9,Total_hrs_monitorizadas,FCr_promedio_diario,-0.3546956708143445,-0.35116021879705056
DB_final_v3_u9,Total_hrs_monitorizadas,Gasto_calorico_activo,0.22045198910299388,0.32730289176804606
DB_final_v3_u9,Total_hrs_monitorizadas,HRV_SDNN,0.12231436810613974,0.1600961409607643
DB_final_v3_u9,Total_hrs_monitorizadas,FC_al_caminar_promedio_diario,-0.08353444177773015,-0.10222204173594633
DB_final_v3_u9,Hrs_sin_registro,min_totales_en_movimiento,-0.30781107803211727,-0.2762761012809445
DB_final_v3_u9,Hrs_sin_registro,Total_min_de_ejercicio_diario,-0.16953521973456004,-0.1796606941760381
DB_final_v3_u9,Hrs_sin_registro,distancia_caminada_en_km,-0.29073686389031683,-0.2876852500576373
DB_final_v3_u9,Hrs_sin_registro,Numero_pasos_por_dia,-0.32728226225543694,-0.30500348410029354
DB_final_v3_u9,Hrs_sin_registro,FCr_promedio_diario,0.354695670814344,0.35116021879705056
DB_final_v3_u9,Hrs_sin_registro,Gasto_calorico_activo,-0.22045198910299382,-0.32730289176804606
DB_final_v3_u9,Hrs_sin_registro,HRV_SDNN,-0.12231436810613854,-0.1600961409607643
DB_final_v3_u9,Hrs_sin_registro,FC_al_caminar_promedio_diario,0.08353444177772906,0.10222204173594633
DB_final_v3_u9,min_totales_en_movimiento,Total_min_de_ejercicio_diario,0.5552991946994702,0.5591485284093244
DB_final_v3_u9,min_totales_en_movimiento,distancia_caminada_en_km,0.6226942393520822,0.732680065026445
DB_final_v3_u9,min_totales_en_movimiento,Numero_pasos_por_dia,0.6817449023209192,0.7647968733083653
DB_final_v3_u9,min_totales_en_movimiento,FCr_promedio_diario,-0.04871696756217939,-0.06706321794426431
DB_final_v3_u9,min_totales_en_movimiento,Gasto_calorico_activo,0.3584927413247729,0.668329170392275
DB_final_v3_u9,min_totales_en_movimiento,HRV_SDNN,-0.07279541949529238,-0.047764157371244516
DB_final_v3_u9,min_totales_en_movimiento,FC_al_caminar_promedio_diario,0.020295525615039202,0.0073664286924750855
DB_final_v3_u9,Total_min_de_ejercicio_diario,distancia_caminada_en_km,0.4720501402009032,0.5452381790512917
DB_final_v3_u9,Total_min_de_ejercicio_diario,Numero_pasos_por_dia,0.5856399866376517,0.6113483521015444
DB_final_v3_u9,Total_min_de_ejercicio_diario,FCr_promedio_diario,-0.03162361027308087,-0.027195919301328787
DB_final_v3_u9,Total_min_de_ejercicio_diario,Gasto_calorico_activo,0.272098898967243,0.5373356994029088
DB_final_v3_u9,Total_min_de_ejercicio_diario,HRV_SDNN,-0.012954718595193674,-0.029955188036548223
DB_final_v3_u9,Total_min_de_ejercicio_diario,FC_al_caminar_promedio_diario,0.04374552263191403,0.05278636036068728
DB_final_v3_u9,distancia_caminada_en_km,Numero_pasos_por_dia,0.8656007999552954,0.9318003907774466
DB_final_v3_u9,distancia_caminada_en_km,FCr_promedio_diario,-0.06365458440204341,-0.11424419854708633
DB_final_v3_u9,distancia_caminada_en_km,Gasto_calorico_activo,0.5864415728558332,0.7471526186839252
DB_final_v3_u9,distancia_caminada_en_km,HRV_SDNN,0.05335959162565112,0.023437722369447304
DB_final_v3_u9,distancia_caminada_en_km,FC_al_caminar_promedio_diario,-0.054472718708613484,-0.061781874728021505
DB_final_v3_u9,Numero_pasos_por_dia,FCr_promedio_diario,-0.11307928270515595,-0.11981838412225124
DB_final_v3_u9,Numero_pasos_por_dia,Gasto_calorico_activo,0.36752697482783686,0.6870438667422657
DB_final_v3_u9,Numero_pasos_por_dia,HRV_SDNN,0.02754600079077821,0.014723987193874324
DB_final_v3_u9,Numero_pasos_por_dia,FC_al_caminar_promedio_diario,-0.047379000598093045,-0.05005794537379273
DB_final_v3_u9,FCr_promedio_diario,Gasto_calorico_activo,-0.02813841566887462,-0.0399123840012055
DB_final_v3_u9,FCr_promedio_diario,HRV_SDNN,-0.4211425167838305,-0.47190638239783556
DB_final_v3_u9,FCr_promedio_diario,FC_al_caminar_promedio_diario,0.26143406164017996,0.3184428554038808
DB_final_v3_u9,Gasto_calorico_activo,HRV_SDNN,-0.026209754938416988,-0.07102175514801459
DB_final_v3_u9,Gasto_calorico_activo,FC_al_caminar_promedio_diario,0.029719287194685792,0.03203528015713603
DB_final_v3_u9,HRV_SDNN,FC_al_caminar_promedio_diario,-0.2919823547789148,-0.29645529493828354
